{
  "data_file": "data/used-cars-dataset-cardekho/cars_details_merges.csv.gz",
  "dataset_name": "Kaggle Cardekho detailed used cars dataset (calibrated)",
  "training_rows": 35717,
  "feature_columns": [
    "brand",
    "model",
    "car_name",
    "seller_type",
    "fuel_type",
    "transmission_type",
    "owner_type",
    "body_type",
    "drive_type",
    "car_age",
    "km_driven",
    "km_per_year",
    "mileage",
    "engine_cc",
    "max_power",
    "max_torque",
    "seats",
    "length",
    "width",
    "height"
  ],
  "selected_model_name": "gradient_boosting_regressor",
  "candidate_metrics": {
    "hist_gradient_boosting": {
      "mae": 104354.76788414603,
      "mape": 13.060388373596343,
      "median_ape": 9.536613752755557,
      "median_ae": 65199.79326455842,
      "rmse": 182344.7286433527,
      "r2": 0.9485310578747171,
      "bias": -10537.382953540875
    },
    "gradient_boosting_regressor": {
      "mae": 102167.97628814669,
      "mape": 13.004089857464518,
      "median_ape": 9.303054946416747,
      "median_ae": 64626.35472815222,
      "rmse": 181155.91184761596,
      "r2": 0.9491999851873956,
      "bias": -9483.147539097803
    },
    "extra_trees_regressor": {
      "mae": 104071.5409169458,
      "mape": 13.236172051288927,
      "median_ape": 9.478081280635319,
      "median_ae": 64876.276929809595,
      "rmse": 182181.1848305715,
      "r2": 0.948623340797613,
      "bias": -14134.735621879463
    }
  }
}