{
  "data_file": "data/used-cars-dataset-cardekho/cars_details_merges.csv.gz",
  "dataset_name": "Kaggle Cardekho detailed used cars dataset (calibrated)",
  "training_rows": 35717,
  "feature_columns": [
    "brand",
    "model",
    "car_name",
    "seller_type",
    "fuel_type",
    "transmission_type",
    "owner_type",
    "body_type",
    "drive_type",
    "car_age",
    "km_driven",
    "km_per_year",
    "mileage",
    "engine_cc",
    "max_power",
    "max_torque",
    "seats",
    "length",
    "width",
    "height"
  ],
  "selected_model_name": "gradient_boosting_regressor",
  "candidate_metrics": {
    "hist_gradient_boosting": {
      "mae": 85211.21058906997,
      "mape": 13.013367588200747,
      "median_ape": 9.359394019173802,
      "median_ae": 53661.200991831836,
      "rmse": 146407.78331158074,
      "r2": 0.9544767315057248,
      "bias": -7030.9288349896715
    },
    "gradient_boosting_regressor": {
      "mae": 83387.85841399965,
      "mape": 12.920032390244959,
      "median_ape": 9.21836849482898,
      "median_ae": 52621.72296632832,
      "rmse": 142717.61995630106,
      "r2": 0.9567426117295452,
      "bias": -6896.465880463395
    },
    "extra_trees_regressor": {
      "mae": 85298.80315469728,
      "mape": 13.268769258838129,
      "median_ape": 9.460686177850786,
      "median_ae": 53986.37080729398,
      "rmse": 147067.7705518531,
      "r2": 0.9540653804882837,
      "bias": -10879.878464604724
    }
  }
}