{
  "data_file": "data/used-cars-dataset-cardekho/cars_details_merges.csv.gz",
  "dataset_name": "Kaggle Cardekho detailed used cars dataset (calibrated)",
  "training_rows": 35717,
  "feature_columns": [
    "brand",
    "model",
    "car_name",
    "seller_type",
    "fuel_type",
    "transmission_type",
    "owner_type",
    "body_type",
    "drive_type",
    "car_age",
    "km_driven",
    "km_per_year",
    "mileage",
    "engine_cc",
    "max_power",
    "max_torque",
    "seats",
    "length",
    "width",
    "height"
  ],
  "selected_model_name": "gradient_boosting_regressor",
  "candidate_metrics": {
    "hist_gradient_boosting": {
      "mae": 95938.52120254774,
      "mape": 13.049530252078611,
      "median_ape": 9.455593349075306,
      "median_ae": 60152.03839450824,
      "rmse": 168121.09747019934,
      "r2": 0.9497296179226573,
      "bias": -9641.035016208503
    },
    "gradient_boosting_regressor": {
      "mae": 93535.7435886402,
      "mape": 12.969458958303933,
      "median_ape": 9.293487502290192,
      "median_ae": 59435.1308903208,
      "rmse": 160909.80197267391,
      "r2": 0.9539496692193936,
      "bias": -7878.0006880152205
    },
    "extra_trees_regressor": {
      "mae": 95988.67899315081,
      "mape": 13.277660648225645,
      "median_ape": 9.484440535587513,
      "median_ae": 60262.3547069091,
      "rmse": 167106.00257033447,
      "r2": 0.9503348382682885,
      "bias": -12683.305612188246
    }
  }
}