{
  "data_file": "data/used-cars-dataset-cardekho/cars_details_merges.csv.gz",
  "dataset_name": "Kaggle Cardekho detailed used cars dataset (calibrated)",
  "training_rows": 36550,
  "feature_columns": [
    "brand",
    "model",
    "car_name",
    "seller_type",
    "fuel_type",
    "transmission_type",
    "owner_type",
    "body_type",
    "drive_type",
    "car_age",
    "km_driven",
    "km_per_year",
    "mileage",
    "engine_cc",
    "max_power",
    "max_torque",
    "seats",
    "length",
    "width",
    "height"
  ],
  "selected_model_name": "gradient_boosting_regressor",
  "candidate_metrics": {
    "hist_gradient_boosting": {
      "mae": 94844.1131500144,
      "mape": 12.918953343738806,
      "median_ape": 9.25048368310168,
      "median_ae": 60774.35663608351,
      "rmse": 163337.95691321784,
      "r2": 0.9541079420424884,
      "bias": -12245.482853502122
    },
    "gradient_boosting_regressor": {
      "mae": 94263.33045155558,
      "mape": 12.872613254056326,
      "median_ape": 9.05295024109619,
      "median_ae": 59864.22101969304,
      "rmse": 169571.48445520605,
      "r2": 0.9505383113254329,
      "bias": -10751.044773300706
    },
    "extra_trees_regressor": {
      "mae": 96403.80463122508,
      "mape": 13.092385321921029,
      "median_ape": 9.200704450037072,
      "median_ae": 60156.28031441156,
      "rmse": 174026.1143904247,
      "r2": 0.9479054678130356,
      "bias": -14952.480649826319
    }
  }
}