{
  "data_file": "data/used-cars-dataset-cardekho/cars_details_merges.csv.gz",
  "dataset_name": "Kaggle Cardekho detailed used cars dataset (calibrated)",
  "training_rows": 35717,
  "feature_columns": [
    "brand",
    "model",
    "car_name",
    "seller_type",
    "fuel_type",
    "transmission_type",
    "owner_type",
    "body_type",
    "drive_type",
    "car_age",
    "km_driven",
    "km_per_year",
    "mileage",
    "engine_cc",
    "max_power",
    "max_torque",
    "seats",
    "length",
    "width",
    "height"
  ],
  "selected_model_name": "gradient_boosting_regressor",
  "candidate_metrics": {
    "hist_gradient_boosting": {
      "mae": 103222.00424228063,
      "mape": 13.03570180722625,
      "median_ape": 9.415121433816855,
      "median_ae": 65071.37010496715,
      "rmse": 180292.06403569362,
      "r2": 0.9502060980188187,
      "bias": -10096.089298520124
    },
    "gradient_boosting_regressor": {
      "mae": 100407.80075512134,
      "mape": 12.965320080396278,
      "median_ape": 9.246938139893517,
      "median_ae": 63249.462432914705,
      "rmse": 174040.27090906634,
      "r2": 0.953599523553532,
      "bias": -9293.030667317047
    },
    "extra_trees_regressor": {
      "mae": 102964.80314888812,
      "mape": 13.24136037252723,
      "median_ape": 9.487382853711603,
      "median_ae": 64758.9000097744,
      "rmse": 179021.22710140003,
      "r2": 0.9509055953295316,
      "bias": -14363.96318816348
    }
  }
}