{
  "data_file": "data/used-cars-dataset-cardekho/cars_details_merges.csv.gz",
  "dataset_name": "Kaggle Cardekho detailed used cars dataset (calibrated)",
  "training_rows": 35717,
  "feature_columns": [
    "brand",
    "model",
    "car_name",
    "seller_type",
    "fuel_type",
    "transmission_type",
    "owner_type",
    "body_type",
    "drive_type",
    "car_age",
    "km_driven",
    "km_per_year",
    "mileage",
    "engine_cc",
    "max_power",
    "max_torque",
    "seats",
    "length",
    "width",
    "height"
  ],
  "selected_model_name": "gradient_boosting_regressor",
  "candidate_metrics": {
    "hist_gradient_boosting": {
      "mae": 96255.51258226228,
      "mape": 13.068089400194111,
      "median_ape": 9.402565987468709,
      "median_ae": 60339.922332266404,
      "rmse": 167305.62666132004,
      "r2": 0.9499335479888762,
      "bias": -8417.509399538607
    },
    "gradient_boosting_regressor": {
      "mae": 93046.8055687409,
      "mape": 12.92622413465089,
      "median_ape": 9.200045998815973,
      "median_ae": 58948.481843841524,
      "rmse": 162293.32077068355,
      "r2": 0.9528884909715094,
      "bias": -7716.353371460697
    },
    "extra_trees_regressor": {
      "mae": 95875.24471000403,
      "mape": 13.24662229876544,
      "median_ape": 9.482264647424707,
      "median_ae": 59506.25122018991,
      "rmse": 166966.76893502806,
      "r2": 0.9501361499422253,
      "bias": -12211.499928817204
    }
  }
}