{
  "data_file": "/Users/arpitkesarwani/car_price_project/data/raw/used-cars-dataset-cardekho/cars_details_merges.csv.gz",
  "dataset_name": "Kaggle Cardekho detailed used cars dataset (calibrated)",
  "training_rows": 35717,
  "feature_columns": [
    "brand",
    "model",
    "car_name",
    "seller_type",
    "fuel_type",
    "transmission_type",
    "owner_type",
    "body_type",
    "drive_type",
    "car_age",
    "km_driven",
    "km_per_year",
    "mileage",
    "engine_cc",
    "max_power",
    "max_torque",
    "seats",
    "length",
    "width",
    "height"
  ],
  "selected_model_name": "hybrid_voting_ensemble",
  "candidate_metrics": {
    "hist_gradient_boosting": {
      "mae": 106026.56609862823,
      "mape": 13.243142570906688,
      "median_ape": 9.634532933496253,
      "median_ae": 65907.54675738656,
      "rmse": 187671.1772776253,
      "r2": 0.9460466897609296,
      "bias": -12743.968915959409
    },
    "gradient_boosting_regressor": {
      "mae": 106493.1865447497,
      "mape": 13.439864970720365,
      "median_ape": 9.72034381163745,
      "median_ae": 65734.56853994983,
      "rmse": 187562.53911261493,
      "r2": 0.9461091361333535,
      "bias": -13544.960231337935
    },
    "extra_trees_regressor": {
      "mae": 102939.88049141305,
      "mape": 13.491766509946823,
      "median_ape": 9.455866031674706,
      "median_ae": 66238.28201842366,
      "rmse": 174964.37592541604,
      "r2": 0.9531054683521637,
      "bias": -10352.880508542332
    },
    "hybrid_voting_ensemble": {
      "mae": 102783.25075433336,
      "mape": 13.129437214233603,
      "median_ape": 9.531348216894205,
      "median_ae": 65018.30028062107,
      "rmse": 178217.75627413444,
      "r2": 0.9513452907033986,
      "bias": -12919.157854443947
    }
  }
}